"","CO_I1","CO_I2","CO_I3","CO_I4","CO_I5","CO_I6","CO_I7","CO_I8","CO_I9","RS_I1","RS_I2","RS_I3","RS_I4","RS_I5","RS_I6","RS_I7","RS_I8","RS_I9","RS_I10","LOT_I1","LOT_I2","LOT_I3","LOT_I4","LOT_I5","LOT_I6","LOT_I7","LOT_I8","LOT_I9","LOT_I10","GPA"
"1",4,4,4,4,3,4,3,3,2,3,3,3,3,3,3,3,3,4,3,4,3,3,4,5,4,3,5,2,5,2.81
"2",4,4,4,3,3,4,3,3,3,3,4,3,4,3,3,3,3,4,4,2,4,4,4,4,2,4,4,4,3,3.59
"3",3,2,4,2,2,4,3,3,1,3,3,3,3,3,3,3,2,3,3,5,5,1,3,5,2,3,2,2,2,3.59
"4",3,4,4,4,4,4,4,3,3,3,4,4,3,3,4,4,4,4,3,3,4,4,5,5,3,4,5,4,3,3.77
"6",3,2,3,4,2,3,3,4,3,3,4,4,3,4,3,3,4,4,3,5,5,3,5,5,5,4,5,4,5,2.81
"8",3,3,3,2,3,3,3,3,1,3,4,3,3,4,3,3,3,4,3,3,4,3,3,5,5,4,4,5,4,3.25
"9",4,4,4,4,3,4,4,4,3,3,3,3,3,3,2,3,2,3,3,3,4,2,3,4,4,3,2,4,5,3.44
"10",4,4,4,4,3,4,4,4,3,3,3,3,3,3,3,3,3,4,3,3,2,4,4,5,5,3,3,3,3,2.81
"11",3,3,3,4,2,3,2,3,2,3,3,3,3,3,3,3,2,3,3,4,3,4,3,5,3,3,2,2,4,2.94
"12",4,1,4,4,4,4,3,4,3,1,2,2,4,3,1,3,1,2,1,1,3,1,1,5,5,1,1,1,1,3.55
"13",4,4,4,3,2,4,4,4,4,3,4,3,4,3,3,3,2,4,4,3,4,3,4,5,3,2,4,1,3,4.11
"15",2,3,3,2,4,3,2,3,3,3,3,3,3,3,3,3,3,3,3,4,3,4,2,5,4,4,5,3,4,3.46
"16",4,4,3,2,2,4,3,2,3,3,4,3,3,3,3,3,3,3,2,2,3,2,2,2,2,2,4,4,4,3.85
"17",3,3,4,3,3,4,4,3,2,3,4,3,3,4,4,4,4,4,4,4,4,2,4,4,5,3,3,4,4,3.46
"18",4,4,4,4,4,3,3,3,3,3,2,4,3,3,3,3,4,4,4,4,3,4,4,5,5,4,4,4,4,3.9
"19",2,4,3,3,2,3,3,4,1,4,4,3,4,4,4,3,3,4,3,4,4,4,4,5,3,4,4,4,4,3.81
"20",3,3,4,2,3,3,2,3,1,3,1,2,3,2,2,1,2,2,2,2,2,3,4,4,4,3,1,2,3,3.68
"21",4,3,3,4,2,3,1,3,4,3,3,3,3,3,3,3,3,3,3,3,4,4,3,4,3,4,4,3,3,3.46
"22",2,2,3,3,2,4,3,2,2,3,3,3,3,3,3,3,3,4,4,4,4,3,3,4,2,2,4,2,4,3.03
"23",3,3,4,2,2,3,3,3,2,3,3,3,3,3,3,3,3,4,3,1,2,3,4,5,4,3,2,3,2,3.42
"24",4,3,4,2,3,4,3,3,4,3,4,4,4,4,4,4,4,4,3,4,5,4,4,4,3,5,4,5,5,3.68
"26",4,4,3,2,1,3,4,3,4,3,4,4,3,3,4,4,4,4,4,1,5,4,2,4,4,3,5,3,3,3.03
"27",1,1,1,1,3,3,3,3,1,4,3,4,4,3,2,2,2,3,1,1,3,4,3,3,2,3,3,2,3,3.81
"28",3,4,4,4,3,3,3,4,3,3,4,3,3,3,3,3,3,4,3,4,3,3,4,4,4,4,3,4,4,3.25
"29",3,4,3,2,3,2,3,3,3,3,3,3,3,3,3,3,3,4,4,3,3,4,4,5,4,3,4,4,5,3.25
"30",2,2,2,3,2,2,2,2,2,3,4,3,3,3,3,3,2,3,3,4,2,2,3,2,4,2,2,4,4,3.59
"31",3,3,3,3,3,4,3,4,2,2,3,3,2,2,2,2,3,3,3,2,2,2,3,4,3,3,1,3,2,3.25
"32",3,2,3,3,2,3,2,3,3,3,3,2,4,3,2,2,2,3,2,2,4,2,3,4,4,3,2,4,2,3.25
"33",3,4,4,3,3,3,3,2,3,3,4,3,3,4,3,3,3,4,3,4,3,2,4,4,3,4,2,4,4,2.9
"34",2,3,2,3,3,3,2,4,3,3,3,3,3,3,3,4,3,4,3,2,5,3,2,5,4,4,4,3,4,3.46
"35",2,3,3,3,2,2,3,3,1,3,3,3,2,3,3,3,3,3,3,2,2,4,4,4,3,2,4,4,4,2.9
"37",3,3,4,3,2,4,2,3,1,3,3,3,3,2,2,3,2,3,3,1,2,2,2,4,3,2,2,2,2,3.38
"38",3,3,3,3,3,3,3,3,2,2,2,2,2,2,2,2,2,2,2,4,1,3,3,4,3,3,2,3,3,2.94
"39",2,2,3,2,3,3,3,2,2,2,2,2,2,2,2,2,2,2,2,3,2,2,2,3,4,3,1,3,4,3.25
"40",3,3,4,4,3,2,3,4,3,3,4,3,3,3,2,3,2,2,3,2,1,3,3,5,4,3,2,2,4,3.2
"41",3,3,4,3,3,4,3,3,2,3,3,3,3,3,3,3,2,3,2,3,2,5,4,4,3,4,4,4,4,3.9
"43",4,3,4,3,3,2,3,3,2,3,3,2,3,2,2,2,2,3,3,3,2,2,2,5,4,2,2,3,2,3.46
"44",2,2,3,3,2,3,2,3,2,2,3,3,3,3,2,2,2,3,3,2,3,4,3,5,4,3,3,3,3,3.12
"45",3,3,4,4,4,3,4,4,3,3,3,3,3,4,3,3,3,4,3,4,4,4,4,4,4,4,2,5,4,3.25
"46",3,3,1,4,3,3,4,4,1,4,1,3,4,3,3,3,4,3,3,3,3,4,3,3,3,3,3,3,3,3.64
"47",4,4,4,3,4,4,4,4,3,3,3,4,4,3,2,3,4,4,4,3,4,3,4,4,5,4,4,5,1,3.85
"48",3,4,4,4,3,3,3,3,2,3,3,3,3,3,2,2,3,3,3,3,3,3,4,4,3,3,3,3,3,3.55
"49",3,3,4,4,3,3,3,3,2,3,3,3,3,3,2,3,3,3,2,3,3,3,3,3,4,2,2,3,3,3.03
"50",3,2,3,2,2,3,3,2,2,3,3,3,3,3,3,3,3,3,3,4,4,3,4,4,4,2,4,3,4,4.03
"52",3,4,4,2,3,3,2,3,2,3,3,3,3,3,3,3,3,4,3,4,3,4,4,5,5,4,4,3,4,3.12
"53",3,3,3,3,3,3,2,2,2,3,4,3,3,3,4,3,4,4,4,4,4,2,5,4,3,4,4,5,5,3.68
"54",3,3,4,2,3,2,3,2,1,4,4,3,3,3,4,3,4,4,4,4,2,4,5,4,5,4,4,4,4,3.25
"55",3,3,3,4,3,1,2,2,2,2,2,2,3,3,2,3,2,3,3,5,3,3,3,4,4,3,3,2,2,3.29
"56",3,2,3,3,3,4,4,2,2,3,4,3,3,3,2,3,2,4,4,2,4,2,4,4,4,2,3,2,4,3.38
"57",3,3,3,2,2,3,3,2,1,2,2,3,3,3,2,2,2,2,2,2,3,4,2,4,2,2,2,3,3,3.72
"58",4,3,4,4,2,3,4,3,4,3,3,3,3,3,3,3,4,3,3,3,4,3,3,4,4,3,3,3,3,2.99
"59",3,4,4,3,4,3,2,3,4,3,3,3,3,3,2,3,2,3,2,1,2,2,2,4,4,2,2,4,2,3.25
"60",4,4,4,3,2,4,4,3,3,3,4,3,4,4,4,3,4,4,3,3,4,4,4,5,3,4,4,4,5,3.16
"61",4,3,4,3,3,4,3,4,2,3,4,3,3,4,3,3,2,4,3,5,2,3,4,5,3,5,2,4,4,3.9
"63",3,4,4,4,3,3,3,3,3,3,3,3,3,3,3,3,3,4,3,3,4,2,4,5,4,4,4,3,4,3.68
"64",3,1,3,2,2,4,3,3,2,3,3,3,3,3,3,3,4,4,3,4,3,3,3,5,5,4,3,4,4,3.98
"66",3,4,4,2,4,3,3,4,1,3,3,3,3,3,2,2,2,2,2,2,2,2,2,2,4,2,1,2,2,3.38
"67",4,4,4,2,4,4,4,3,3,3,3,3,4,3,3,3,3,3,3,2,3,3,3,4,4,3,3,3,3,3.12
"68",3,2,4,4,4,4,3,4,4,3,4,3,3,3,3,3,3,4,3,5,4,2,4,5,4,3,4,3,3,3.57
"69",3,3,2,2,3,2,3,2,3,3,2,4,1,3,3,3,3,2,2,3,3,3,3,4,4,4,3,1,2,3.25
"70",3,2,3,4,3,3,3,2,1,4,4,3,3,3,4,3,3,3,3,3,4,3,3,3,3,3,3,3,3,3.68
"71",4,4,4,3,4,4,4,3,3,3,3,3,2,3,2,3,2,3,3,3,1,3,4,5,4,3,3,2,4,3.9
"72",4,4,4,3,3,3,3,3,3,3,4,4,3,4,3,4,4,4,4,3,4,4,4,5,5,4,3,3,4,3.25
"73",3,2,3,3,2,3,3,2,3,3,3,3,3,3,3,3,2,3,3,4,4,2,4,4,2,3,3,4,4,3.25
"74",2,2,3,3,1,3,3,2,2,4,3,3,3,3,3,3,4,4,3,4,4,3,5,5,2,4,4,4,5,3.9
"76",4,4,4,4,4,3,3,3,3,3,3,3,3,4,3,3,3,4,3,4,4,3,5,4,5,4,2,3,4,3.38
"77",3,1,3,1,2,3,2,2,1,3,3,3,4,3,3,3,3,3,3,2,4,2,3,3,1,4,3,4,4,4.01
"78",4,4,4,2,3,3,3,3,1,4,1,1,3,4,2,2,3,2,2,5,5,3,4,5,5,2,4,3,4,3.46
"80",4,4,4,4,4,3,4,3,2,2,3,2,3,3,3,2,3,4,3,1,2,2,2,5,3,1,3,2,2,3.85
"81",3,3,4,4,3,4,2,2,2,1,2,1,2,2,2,2,2,3,2,2,4,2,1,3,4,2,1,2,2,2.51
"83",4,3,4,4,3,4,3,4,3,3,3,3,3,4,3,3,4,3,3,2,3,3,4,5,5,5,3,5,5,2.81
"85",4,4,4,4,4,3,3,3,3,3,4,3,3,4,4,3,4,4,4,5,2,3,4,4,3,4,4,5,4,2.9
"86",4,4,4,4,4,4,4,3,3,3,3,3,3,3,3,3,3,4,3,4,4,2,4,4,5,3,4,5,3,3.03
"87",4,4,4,3,4,4,3,3,3,3,4,4,3,3,3,3,4,3,3,4,4,2,4,4,4,3,4,4,4,3.07
"88",4,4,4,4,4,4,3,3,2,3,3,3,3,3,2,2,2,3,2,2,3,3,2,5,4,3,2,3,3,3.59
"89",4,4,4,4,4,3,3,3,3,2,2,3,2,3,2,2,3,3,2,3,2,3,4,4,4,3,2,3,4,3.68
"90",3,1,4,3,2,3,3,2,3,2,2,2,2,2,2,2,2,3,2,3,2,2,2,5,5,2,4,3,3,2.9
"91",4,4,4,4,4,4,4,4,3,3,4,4,4,4,4,3,3,4,3,4,4,4,5,4,4,3,4,3,4,3.46
"92",4,3,4,4,3,3,3,4,3,3,4,3,3,3,3,3,3,4,3,3,4,3,3,4,5,4,5,4,4,3.42
"93",4,4,4,4,4,3,3,3,4,3,4,4,3,3,3,3,3,4,3,3,3,4,3,2,5,3,4,4,3,3.25
"94",4,2,4,2,2,4,3,3,1,3,4,3,3,4,3,4,3,4,4,3,5,3,4,5,3,3,4,4,3,2.81
"95",4,4,4,4,3,4,3,3,3,3,4,2,4,3,2,2,2,3,3,3,2,3,2,1,4,2,2,3,3,3.62
"96",4,4,4,4,4,4,4,4,4,3,3,3,3,3,4,3,3,3,4,2,3,4,4,4,4,4,4,4,4,3.42
"97",3,4,4,4,3,4,3,3,3,4,4,3,3,4,4,3,3,4,4,2,5,2,4,5,2,3,4,5,5,3.16
"98",3,3,3,3,3,2,3,2,2,3,2,3,3,3,2,3,3,3,2,3,2,3,3,4,4,3,2,2,3,3.81
"99",3,3,4,3,4,3,3,3,3,3,3,3,3,3,3,3,3,3,3,3,4,4,3,4,4,3,4,3,3,3.2
"100",3,2,3,4,3,3,4,3,3,4,4,4,3,4,4,4,4,4,4,4,3,2,4,4,4,3,4,4,5,3.03
"101",4,3,4,4,4,3,3,4,3,3,4,4,4,4,3,3,3,4,3,4,4,3,5,5,4,4,4,4,4,3.42
"102",4,3,3,4,4,3,3,3,2,3,3,3,3,2,3,3,2,3,3,3,3,3,3,4,3,3,4,3,3,3.59
"103",3,3,2,2,4,2,3,3,3,3,3,3,3,3,2,2,3,3,2,4,2,4,3,4,5,2,2,2,3,3.77
"104",4,3,4,4,3,3,3,3,3,3,3,3,3,3,3,3,3,4,3,3,4,3,4,5,3,4,4,3,4,3.46
"105",4,3,4,4,4,3,4,2,3,1,3,4,3,4,3,3,4,4,4,4,4,4,5,5,5,2,4,4,4,3.38
"106",3,4,4,4,2,3,4,3,3,3,4,4,4,4,4,4,4,4,4,4,3,5,5,5,5,5,3,5,5,3.77
"107",4,4,4,3,4,4,3,3,2,3,4,3,3,4,3,3,4,4,4,3,2,4,4,5,5,3,2,4,4,3.46
"108",3,3,3,2,2,3,2,3,2,3,3,3,3,3,3,3,3,3,3,4,4,2,4,4,3,3,4,4,4,3.42
"109",4,3,4,4,4,3,3,3,3,3,4,3,3,3,3,3,3,4,4,4,2,3,3,5,2,3,2,4,4,3.85
"110",3,3,4,3,3,3,3,2,2,3,3,2,2,3,3,2,2,3,3,4,5,3,3,4,2,3,4,4,4,2.99
"111",4,2,4,4,4,4,4,3,3,3,4,2,3,3,3,3,2,4,3,3,4,4,3,4,4,2,3,4,4,3.45
"112",4,4,4,3,4,4,3,2,3,3,3,4,3,4,3,3,3,3,3,2,1,4,4,4,2,4,3,3,4,3.64
"113",4,4,4,3,3,4,3,3,3,3,3,3,3,3,3,3,3,3,3,4,4,2,4,4,4,3,5,5,4,3.3
"114",4,4,4,4,3,3,3,2,3,3,3,3,4,3,2,2,3,3,3,2,2,3,2,4,5,2,2,1,3,3.7
"115",3,4,4,3,4,3,3,3,2,3,4,3,3,3,3,2,2,4,3,3,2,3,2,5,4,3,2,2,4,2.77
"117",4,4,4,3,3,4,3,3,2,3,3,3,3,3,2,2,3,3,3,2,2,4,3,5,4,4,2,4,3,3.81
"118",3,3,3,3,3,4,3,2,3,3,3,3,4,3,3,3,3,3,3,4,4,3,4,5,3,2,4,4,4,2.38
"119",4,4,4,3,3,3,4,4,3,3,3,3,3,3,3,3,4,4,3,4,4,2,5,5,5,3,4,4,4,2.86
"120",3,3,4,4,3,3,3,4,3,3,4,3,3,3,3,3,3,4,3,3,5,2,4,5,4,4,4,5,4,3.38
"121",2,1,4,2,1,2,2,3,3,4,3,4,3,4,2,3,3,2,3,4,2,3,5,2,5,3,2,1,1,3.07
"122",4,4,4,3,3,4,3,4,2,3,4,4,4,3,3,3,4,4,4,3,2,5,3,4,3,4,3,4,5,3.25
"123",3,3,3,4,3,3,3,3,2,3,4,4,3,4,4,4,3,4,3,3,4,3,4,5,2,4,4,3,3,3.03
"124",4,4,4,2,4,3,4,4,3,3,4,3,4,4,4,3,3,4,4,3,4,4,4,4,4,2,4,1,3,3.44
"125",3,4,4,4,4,2,3,2,2,3,2,3,3,3,3,3,3,3,3,3,5,3,5,5,4,4,4,4,4,2.6
"126",3,2,4,3,2,4,3,3,2,3,3,3,3,3,3,2,2,3,3,4,4,2,2,2,4,4,2,4,4,3.25
"128",4,4,4,4,4,4,3,4,3,3,3,4,3,3,3,3,4,4,3,2,3,4,3,5,4,4,4,4,4,3.2
"129",3,3,4,4,3,3,2,3,2,3,4,3,3,3,3,3,3,4,3,3,4,3,4,5,3,4,4,3,4,3.29
"130",4,4,4,4,3,3,3,2,2,3,3,3,3,3,3,3,2,3,3,5,3,4,4,4,4,2,4,4,4,3.16
"131",3,3,3,3,2,2,3,3,2,3,3,2,3,3,2,2,2,3,2,2,2,3,2,5,3,3,2,3,2,3.38
"133",4,3,4,3,2,3,3,3,2,3,3,3,3,3,2,2,3,3,2,4,4,2,3,5,4,3,4,2,3,3.33
"134",4,3,4,3,2,3,3,3,1,3,3,3,3,3,3,3,2,4,3,4,1,3,3,5,4,3,1,3,4,3.33
"135",3,3,3,2,3,3,3,3,3,3,3,3,3,3,3,3,3,3,3,3,4,3,4,4,3,3,3,4,4,3.03
"136",3,3,4,2,2,4,3,3,1,3,3,3,3,3,3,3,3,4,3,4,5,2,5,5,5,3,3,3,4,3.33
"137",3,3,4,4,4,3,3,3,3,3,4,4,4,4,4,4,4,4,4,4,3,4,5,5,4,4,4,5,5,3.05
"138",4,4,4,4,3,3,3,3,3,3,3,4,3,3,4,3,4,4,3,4,5,3,4,5,4,3,4,3,3,2.77
"139",3,4,4,3,3,2,3,3,3,3,3,3,3,3,3,3,3,4,3,4,4,3,4,5,4,3,5,3,3,2.77
"141",4,4,4,4,4,3,3,3,2,3,3,3,3,3,3,3,3,3,3,3,2,3,3,5,4,3,2,4,4,3.16
"142",4,4,4,2,4,3,3,1,2,3,3,1,3,3,3,2,2,2,2,4,2,2,5,3,4,3,3,2,3,2.68
"143",4,4,4,3,3,4,3,3,3,3,4,4,3,3,4,3,3,4,3,3,4,4,4,4,3,3,2,4,5,3.44
"144",4,4,4,3,4,4,4,3,3,4,4,4,4,3,3,3,3,3,3,2,3,3,2,3,2,3,4,3,4,3.98
"145",3,3,4,4,3,3,2,3,1,3,3,3,3,3,2,3,3,4,3,2,4,2,2,5,5,2,1,2,3,2.81
"146",3,3,3,3,3,3,3,3,2,3,4,3,4,4,3,3,3,3,3,3,3,3,4,5,4,2,5,3,5,3.2
"147",3,3,3,3,3,3,3,3,2,3,4,3,4,3,3,3,3,3,4,4,4,3,4,5,3,3,4,4,4,3.2
"148",2,2,3,3,2,3,2,2,2,3,3,3,3,3,2,3,2,3,2,3,3,2,3,4,3,2,3,3,2,3.22
"149",3,3,3,3,1,1,3,1,2,3,3,3,3,3,2,2,2,4,3,3,1,3,2,4,2,4,2,3,3,3.33
"150",3,4,4,4,4,3,4,3,2,3,4,3,3,3,3,3,3,3,3,5,3,3,4,5,5,5,3,5,5,2.36
"151",3,3,3,2,3,3,3,3,2,3,3,3,3,3,3,3,3,3,3,3,3,3,3,3,3,3,3,3,3,3.42
"152",4,4,4,4,4,4,4,3,3,3,4,3,3,4,3,3,4,4,4,4,4,3,3,4,3,3,4,3,4,3.81
"154",3,4,4,4,3,4,3,2,2,3,4,3,3,3,3,3,3,4,3,4,4,3,5,4,4,3,3,3,4,3.46
"155",3,2,3,3,2,3,2,3,1,3,4,4,3,4,4,4,4,4,4,5,3,4,3,5,4,5,2,5,4,3.81
"156",3,3,3,3,2,3,1,3,2,4,4,3,3,3,3,2,3,3,3,4,4,2,4,4,2,3,2,4,4,2.6
"157",4,4,4,3,4,3,3,3,3,3,3,4,3,4,3,3,4,3,4,4,4,3,4,5,4,4,4,4,4,3.46
"158",4,3,4,3,3,3,3,3,3,3,4,3,3,3,3,3,4,4,3,3,4,5,4,5,4,5,3,5,4,3.16
"159",3,3,4,4,3,3,3,3,2,3,4,3,3,3,3,3,3,3,2,3,2,4,4,5,4,4,4,5,4,3.68
"160",2,4,3,1,1,1,2,2,1,1,1,2,2,2,2,2,2,4,2,3,3,2,3,5,4,3,2,2,4,2.16
"161",4,4,4,3,4,3,3,3,2,3,4,3,3,3,3,3,3,3,4,4,2,4,3,5,4,4,2,4,4,2.94
"162",4,3,4,4,3,4,4,3,3,3,3,3,3,4,4,3,4,4,4,4,2,4,4,5,2,4,2,4,4,3.38
"163",3,3,4,3,3,3,3,3,2,3,3,3,3,3,3,3,3,4,3,2,3,2,3,4,3,4,2,4,4,3.73
"164",2,2,2,2,2,3,3,3,2,3,3,3,3,3,3,3,3,3,3,2,3,3,3,4,4,3,4,4,3,3.76
"165",4,4,4,4,3,3,3,3,2,3,3,3,3,3,3,3,3,3,3,1,2,3,3,4,3,3,2,4,4,3.98
"166",4,4,4,4,4,4,3,4,3,3,3,4,3,4,3,4,3,4,4,2,4,4,2,5,5,4,2,4,4,4.1
"167",3,3,3,3,3,3,3,3,3,4,3,3,3,3,3,3,3,4,4,4,4,4,4,4,4,2,4,2,4,3.85
"169",3,4,4,3,4,4,4,3,2,3,3,3,4,3,3,3,3,4,3,3,3,4,3,4,4,4,4,4,4,3.66
"170",3,3,3,3,1,2,1,2,3,2,2,2,3,2,1,1,2,2,1,1,1,2,1,3,2,2,2,3,2,3.45
"171",3,3,3,4,3,3,3,4,2,3,3,3,3,3,3,3,3,3,3,4,4,4,4,5,3,4,4,4,4,3.2
"173",4,4,4,4,4,4,4,3,3,3,3,3,3,3,3,3,3,3,3,3,2,3,4,4,5,3,4,4,3,3.64
"174",2,2,3,3,3,3,2,2,2,2,3,3,2,3,3,3,3,3,3,4,4,2,4,4,4,2,4,2,4,2.94
"175",4,2,3,3,3,4,3,4,3,3,2,3,3,4,4,4,4,4,3,4,4,3,4,5,5,3,5,2,4,3.55
"178",3,4,4,3,3,4,3,2,2,3,4,3,3,3,3,4,4,4,4,4,3,3,4,5,4,4,3,4,3,2.81
"179",3,2,4,3,4,3,3,4,3,2,1,3,3,4,3,3,3,4,2,3,2,2,4,3,4,3,3,3,4,2.47
"181",3,2,3,4,2,4,2,1,3,3,3,2,3,3,3,3,3,4,3,2,4,4,3,5,4,3,4,3,3,3.2
"182",3,3,3,4,2,3,2,2,3,3,3,3,3,3,3,3,3,3,3,4,2,2,3,4,5,2,3,3,5,2.16
"183",4,4,4,4,4,3,3,4,3,3,3,3,3,4,3,3,4,4,3,4,3,5,5,4,5,5,3,5,5,3.72
"184",4,2,4,3,2,2,3,2,2,3,3,3,3,3,2,2,3,3,3,3,2,4,4,5,4,4,3,4,4,3.9
"185",3,2,3,2,1,3,3,1,3,2,4,2,2,2,2,2,3,3,3,4,2,2,2,2,4,4,1,2,4,3.25
"186",3,3,4,3,3,3,2,3,3,3,3,2,3,3,3,2,2,3,3,3,3,4,2,4,3,3,4,3,3,3.77
"189",2,2,3,3,2,3,3,2,2,3,3,3,3,3,3,3,3,4,3,4,4,2,4,4,2,3,4,4,4,3.03
"190",4,4,4,3,4,4,4,4,3,2,1,3,2,3,2,3,2,3,2,3,2,4,4,5,5,2,4,2,4,3.81
"191",3,2,3,4,2,3,2,3,2,3,3,3,3,3,3,3,3,3,3,3,2,3,4,5,3,4,3,4,3,3.77
"192",4,4,4,4,4,4,4,4,2,3,3,3,3,3,2,2,2,2,3,3,2,2,3,3,4,2,2,2,2,3.07
"193",4,3,4,2,3,4,4,3,2,3,3,3,3,3,3,3,3,3,3,3,4,2,4,4,4,4,4,2,4,3.59
"195",4,4,4,4,4,4,4,4,3,4,4,4,4,4,4,4,4,4,4,4,2,2,4,4,4,2,4,4,4,3.42
"196",3,2,4,2,3,3,4,3,3,4,4,3,4,4,3,3,4,4,4,5,4,5,5,4,5,5,5,5,5,3.03
"197",4,4,1,3,4,3,3,3,3,3,1,4,4,4,3,3,2,3,2,3,4,2,3,5,3,4,4,4,5,3.03
"198",1,1,3,3,1,2,1,2,1,1,1,1,1,2,1,1,3,1,1,1,3,2,1,2,4,1,3,1,1,2.16
"199",1,1,1,1,1,2,1,2,3,2,1,1,1,2,1,1,1,1,1,1,1,4,4,4,2,3,4,2,4,0.87
"200",3,3,3,2,2,3,2,3,2,3,3,3,3,3,2,2,3,3,2,3,4,3,4,4,3,4,2,4,4,3.33
"201",3,3,4,3,2,4,3,3,2,1,2,1,3,2,1,1,2,2,1,4,1,2,3,4,4,2,2,2,1,2.86
"202",3,3,4,2,2,1,3,3,1,3,3,1,2,1,2,1,1,3,2,2,1,3,2,3,5,2,1,2,2,3.7
"203",4,4,4,3,4,4,3,3,2,4,3,4,4,4,3,3,3,3,3,4,2,3,5,5,5,3,3,4,4,3.64
"205",4,4,4,3,4,4,3,4,3,3,4,3,4,3,3,3,3,4,3,5,2,3,3,5,5,4,5,5,5,3.77
"206",3,2,3,3,2,3,3,3,2,3,3,3,3,3,3,3,2,3,3,4,4,3,4,4,3,3,3,3,4,2.38
"207",4,4,4,2,4,4,3,3,3,3,3,3,3,1,3,3,3,3,3,4,3,4,4,4,5,4,3,4,3,3.81
"208",4,3,4,3,3,3,4,3,2,3,4,4,4,4,3,4,4,4,4,3,3,3,4,4,5,4,4,4,4,3.12
"209",4,4,4,1,3,4,4,4,4,3,3,3,3,4,3,3,3,4,3,2,2,2,2,4,5,2,3,2,2,3.03
"210",4,4,4,4,4,3,4,3,3,3,4,4,3,4,3,3,4,4,3,3,2,4,2,4,2,3,4,2,3,3.12
"211",3,3,3,3,3,3,3,2,3,3,3,3,3,3,3,3,3,3,3,4,4,3,2,5,3,3,2,2,3,3.29
"212",3,3,3,3,3,3,3,3,3,3,3,3,3,3,3,3,3,3,3,4,4,4,3,4,4,4,4,4,4,3.25
"213",2,4,1,3,3,2,2,3,3,2,1,3,4,2,1,3,2,4,3,3,4,3,2,2,3,2,4,3,3,3.33
"214",3,3,3,3,3,3,3,2,2,3,3,3,3,3,3,3,4,4,3,5,4,4,4,5,5,4,2,3,4,2.83
"215",4,4,4,4,4,4,4,4,4,3,3,3,3,3,3,3,3,4,3,4,2,4,4,5,4,4,3,4,4,3.2
"216",4,3,4,4,4,4,3,3,3,3,3,3,3,3,3,3,3,3,3,2,3,4,2,5,5,4,4,3,4,3.16
"217",3,4,4,4,3,3,3,3,2,2,3,3,3,2,2,3,2,2,2,1,2,3,3,3,2,2,1,3,3,3.72
"218",2,4,3,4,1,4,3,3,2,3,3,3,3,4,3,3,3,4,2,4,5,4,3,5,2,4,5,4,5,2.32
"219",3,3,4,3,3,3,4,3,2,3,3,3,3,3,3,3,3,4,3,3,2,4,4,4,5,4,4,4,4,3.59
"220",3,3,4,3,3,4,3,3,2,4,3,3,4,4,3,3,3,4,3,2,2,4,1,4,5,4,1,4,4,3.4
"222",2,2,3,2,2,3,3,2,2,3,3,2,2,2,2,2,2,4,2,4,3,4,4,4,4,3,3,4,4,2.16
"223",3,3,3,3,3,4,2,2,3,3,3,3,3,3,3,3,3,3,3,3,3,3,3,3,4,3,3,3,3,3.51
"224",3,4,4,3,4,3,2,3,3,3,3,3,3,3,2,3,2,3,3,3,2,3,3,5,4,3,2,3,4,3.51
"226",4,4,4,4,2,4,4,4,3,3,3,3,3,3,3,3,3,4,3,3,2,2,3,4,5,5,2,3,4,3.33
"227",4,3,3,4,3,4,4,3,2,4,4,3,4,3,3,3,3,4,3,2,2,3,4,4,4,3,2,3,4,3.29
"228",4,4,4,4,3,3,3,3,3,4,4,3,3,4,2,2,3,3,3,1,2,2,3,5,4,2,2,2,2,3.22
"229",3,3,3,3,3,3,3,3,3,3,3,3,3,3,3,3,3,3,3,4,4,2,4,4,4,4,3,5,4,3.25
"230",3,3,3,3,2,2,3,2,2,3,4,3,3,3,2,2,2,3,3,2,2,4,2,4,3,3,2,4,3,3.12
"231",3,4,4,4,3,2,2,3,1,3,3,3,3,3,2,2,3,3,2,2,3,2,5,4,5,4,4,5,3,2.29
"232",4,4,4,3,4,4,4,3,3,2,2,2,1,3,2,2,2,2,2,3,5,2,3,3,4,2,3,2,3,3.68
"233",4,3,4,3,3,3,3,3,2,2,3,4,2,3,3,3,3,4,3,4,4,4,4,5,5,4,4,4,4,3.38
"234",3,3,4,3,3,3,3,2,2,3,3,3,3,3,2,3,3,3,3,2,3,4,4,5,3,3,2,3,4,3.38
"235",4,4,4,2,4,2,3,4,2,3,3,3,3,3,2,2,3,3,3,4,2,4,4,5,2,4,1,3,3,3.39
"238",4,4,4,4,3,4,4,4,3,3,3,3,3,4,3,3,3,4,3,4,4,2,3,5,5,4,4,4,4,2.81
"239",4,4,4,4,4,4,4,4,4,2,3,3,3,2,2,2,2,3,2,4,2,3,2,4,5,2,4,4,3,3.59
"240",4,4,4,3,4,4,4,3,3,3,3,3,3,4,3,3,4,4,3,3,3,2,4,5,3,4,3,4,4,3.2
"241",3,2,3,3,2,3,3,3,1,2,2,2,3,2,1,2,2,4,3,4,4,2,3,5,5,4,1,3,2,3.42
"243",3,3,3,3,3,3,3,3,1,3,4,3,3,4,3,3,3,4,3,2,3,3,3,5,4,4,2,3,4,1.78
"244",4,4,4,4,3,3,3,3,1,3,4,3,3,3,4,3,4,4,4,4,5,2,4,5,5,4,3,4,5,3.21
"245",3,4,4,4,3,3,4,3,2,3,4,4,3,4,3,3,4,4,3,3,4,3,4,5,4,3,4,3,4,3.59
"246",3,3,3,3,3,2,3,3,2,3,4,4,3,4,4,4,4,4,4,5,5,3,5,5,5,5,5,5,5,3.38
"247",3,3,3,3,3,3,4,3,3,3,1,3,3,3,2,3,3,3,3,2,2,4,3,3,3,4,2,4,3,3.64
"248",3,3,3,3,2,3,3,3,2,4,4,4,3,4,4,4,4,4,4,5,4,2,5,4,3,4,4,5,5,2.64
"249",2,2,3,3,1,3,3,3,2,3,2,2,2,2,2,2,2,3,2,2,4,2,3,4,2,2,2,2,2,3.16
"250",4,4,4,3,4,3,3,3,2,3,3,3,3,3,3,3,3,4,3,3,3,3,3,3,3,3,3,3,3,3.55
"251",4,3,4,4,3,4,3,3,3,3,3,4,3,4,4,4,4,4,4,4,5,4,5,5,4,5,4,5,5,3.46
"252",4,4,4,4,3,4,3,3,3,2,3,3,3,3,3,2,2,3,3,2,2,4,3,2,4,4,3,3,4,3.25
"253",4,3,4,3,4,4,3,3,3,3,4,4,3,4,4,4,4,4,3,4,3,5,5,4,5,5,4,5,5,3.07
"254",3,2,4,1,3,4,2,3,1,3,4,3,3,4,3,3,2,4,3,4,2,4,4,5,4,4,2,4,4,3.94
"256",4,2,4,2,2,4,3,4,2,3,3,4,3,4,3,3,3,4,4,4,5,3,5,5,5,3,4,4,5,3.25
"257",3,3,3,3,3,3,4,2,2,3,3,3,3,4,3,3,3,4,3,4,3,2,3,5,5,4,3,4,4,3.38
"258",3,4,4,3,2,3,3,2,2,2,4,3,2,3,3,2,2,3,3,4,3,2,4,5,5,1,3,1,2,2.99
"259",3,4,3,4,2,3,2,3,2,2,2,2,2,3,2,2,2,3,2,3,3,2,2,4,3,4,1,2,2,3.12
"260",3,4,4,4,2,3,2,3,3,3,3,3,3,3,3,3,3,3,3,1,3,3,2,3,2,4,5,4,3,3.23
"261",4,3,3,2,3,3,3,3,3,3,3,3,3,3,3,3,3,3,3,2,3,3,3,4,3,4,4,3,3,2.9
"262",4,2,3,3,3,3,3,3,2,3,3,3,4,3,2,2,3,4,3,4,5,3,3,3,4,4,3,4,3,3.03
"263",4,4,4,4,4,2,2,2,1,3,4,2,4,3,2,2,3,3,3,4,3,4,4,4,4,3,2,4,3,3.29
"264",3,2,4,3,3,3,3,3,2,3,3,3,3,3,3,3,3,3,3,4,4,4,2,4,4,4,4,2,4,3.72
"265",4,4,4,3,3,3,4,3,2,3,4,2,3,3,3,3,3,4,3,5,4,3,3,5,4,3,3,3,4,3.25
"266",3,2,4,3,3,3,3,3,2,3,3,3,3,4,3,3,3,3,3,4,3,3,2,5,4,3,2,3,4,3.51
"267",4,4,4,2,3,4,3,4,2,2,2,2,3,1,1,2,1,3,2,5,2,2,2,4,4,2,2,2,1,3.51
"268",3,2,4,3,3,4,3,3,3,4,4,4,3,4,3,3,3,4,4,4,4,4,4,4,4,3,3,4,5,2.99
"269",3,3,3,3,1,2,3,3,2,3,3,3,3,3,3,2,2,3,3,2,3,3,2,5,4,3,4,3,3,3.12
"270",3,3,4,3,3,3,3,3,3,3,3,3,3,3,3,3,3,3,3,3,4,3,3,3,3,3,3,3,3,2.81
"271",4,4,4,4,3,3,4,3,3,3,3,3,3,2,2,3,3,3,3,4,3,2,4,4,3,2,2,2,2,2.9
"272",3,3,4,3,4,3,4,4,3,3,4,3,3,4,3,4,4,3,3,4,3,2,4,4,5,4,4,3,3,3.64
"273",4,4,4,3,2,3,3,3,3,3,3,3,4,3,3,3,3,3,3,4,4,3,4,4,2,5,3,2,4,3.46
"274",3,3,4,4,2,3,3,3,2,3,3,3,3,4,3,3,3,3,3,3,2,3,3,4,4,4,2,4,4,3.12
"275",3,4,3,4,3,3,3,3,3,1,1,1,2,1,1,1,2,1,1,1,1,3,1,4,3,2,3,2,1,2.6
"276",3,4,4,1,2,4,3,1,3,3,4,3,3,3,3,4,4,4,3,4,3,1,3,5,3,5,3,5,5,3.42
"277",4,4,4,3,4,4,4,3,3,3,4,3,3,3,3,3,3,4,3,5,4,1,5,5,5,2,4,2,3,3.72
"278",4,2,3,3,3,3,4,3,2,3,3,3,3,3,3,3,3,4,3,3,4,3,4,5,4,4,4,2,3,3.42
"279",4,4,4,3,3,4,3,3,2,3,4,4,4,3,3,3,3,3,3,4,3,3,4,4,5,2,2,2,2,3.16
"280",4,3,4,4,4,3,4,4,3,3,3,3,2,3,2,3,2,3,2,2,2,3,2,3,3,2,3,2,3,3.42
"281",3,3,3,3,4,4,2,2,2,3,3,3,2,3,3,3,3,3,3,2,3,3,4,4,2,4,3,4,4,3.2
"282",3,3,4,3,2,2,3,4,1,3,4,3,3,4,3,3,2,4,3,4,4,2,4,5,3,2,5,3,3,2.81
"283",3,3,3,3,3,3,3,3,3,3,3,3,3,3,3,3,3,3,3,3,3,3,3,4,4,4,4,4,4,3.33
"285",3,4,4,3,3,4,3,4,2,3,3,3,3,3,2,3,3,3,3,3,3,3,2,4,4,3,2,3,4,2.9
"287",2,1,3,3,2,2,3,3,1,2,2,2,2,2,3,2,2,2,3,2,3,2,3,5,4,2,2,3,2,2.6
"289",4,4,4,4,4,3,4,4,4,4,3,4,4,4,4,4,4,4,4,4,3,2,4,4,2,4,4,3,3,2.51
"290",3,3,4,3,3,4,3,3,2,3,3,3,3,3,2,3,2,3,2,2,4,4,3,5,3,3,3,3,3,3.38
"291",3,4,4,3,3,4,3,4,3,3,3,4,3,4,3,4,4,4,4,4,3,3,4,5,2,4,4,3,3,3.12
"292",3,3,4,3,3,3,2,3,2,3,3,3,3,3,3,3,3,4,3,2,2,3,2,4,4,2,3,4,4,3.59
"293",2,3,3,2,1,3,3,2,2,3,3,3,3,3,3,3,3,4,3,4,3,3,4,5,4,2,3,2,5,2.9
"294",3,2,3,1,1,3,4,3,2,3,3,2,3,3,2,2,3,3,3,2,4,3,2,4,3,3,4,4,4,3.9
"295",4,3,4,3,4,4,2,3,3,3,4,4,4,4,3,3,4,4,4,2,2,4,3,5,4,4,3,4,4,3.75
"296",3,3,4,3,3,4,3,3,3,3,3,4,4,4,3,3,3,4,3,3,2,3,4,3,3,3,3,4,5,3.54
"297",4,4,4,3,3,3,4,3,2,3,4,3,4,3,3,3,3,4,4,3,4,2,3,4,4,4,4,4,4,3.85
"298",3,2,3,2,2,3,2,2,2,3,3,2,3,2,2,2,3,2,2,4,2,3,2,3,5,4,1,2,2,2.6
"299",3,4,4,4,3,3,3,3,3,3,3,3,3,4,3,3,3,3,3,3,3,3,4,5,4,3,4,3,3,3.59
"300",3,3,4,2,3,3,3,2,2,3,3,3,3,3,3,3,3,3,3,4,4,2,4,4,5,2,3,2,4,3.03
"302",3,4,3,2,2,3,2,2,1,3,3,3,3,2,3,3,2,4,3,3,2,3,4,5,5,3,3,4,4,3.03
"303",3,3,4,4,4,3,4,4,4,3,3,4,3,4,3,3,3,4,4,3,3,3,4,4,4,3,3,3,4,3.2
"304",4,3,3,2,1,4,4,3,3,3,3,3,3,3,3,3,2,4,3,4,4,2,3,5,2,2,5,1,4,3.12
"305",4,2,4,4,1,3,2,1,2,4,4,3,3,4,3,3,4,4,4,2,4,3,4,3,2,4,4,3,4,3.46
"306",2,2,3,3,1,2,4,2,2,3,2,2,3,2,2,2,3,3,3,4,4,3,4,4,3,3,3,2,4,2.68
"307",3,3,3,3,3,3,3,3,3,3,3,4,3,4,3,3,4,3,4,4,4,4,4,4,4,2,4,4,4,3.68
"308",3,4,4,4,2,3,3,3,2,3,3,3,3,2,2,2,3,4,2,3,4,2,2,4,2,4,2,3,4,2.77
"309",3,4,4,3,3,3,3,3,3,4,4,3,3,3,2,2,2,3,3,2,4,5,3,5,1,5,4,3,4,3.2
"310",3,4,3,3,2,3,3,2,2,3,4,3,3,3,3,3,3,3,3,5,4,2,5,5,5,2,3,3,4,3.12
"311",4,3,4,3,2,3,3,3,3,3,3,3,3,3,3,3,3,3,3,3,4,2,4,3,4,2,3,4,3,3.38
"312",3,3,2,4,3,3,4,2,3,2,1,3,3,3,2,3,1,1,3,1,3,3,3,2,3,3,3,3,3,3.38
"313",3,4,4,3,4,3,3,4,2,3,4,3,3,3,3,4,3,4,3,3,4,4,4,5,4,4,2,4,4,3.2
"314",4,4,4,3,3,4,3,3,3,3,4,4,3,4,4,4,4,4,4,5,5,3,4,5,4,2,5,4,4,2.86
"315",3,2,3,3,3,3,3,2,2,4,4,4,3,4,4,4,3,4,4,3,3,3,3,4,2,3,4,2,4,3.46
"316",3,2,3,4,2,3,3,3,2,3,3,2,3,3,2,2,2,2,3,2,2,2,3,4,2,4,2,2,2,3.03
"317",3,2,4,2,2,2,3,2,1,3,3,3,3,3,3,2,2,3,3,3,4,3,2,5,5,2,1,2,4,2.81
"320",3,3,3,3,4,4,3,3,2,2,3,2,3,3,2,3,2,2,3,4,4,1,4,5,5,3,3,2,4,2.73
"322",3,2,4,2,2,3,2,4,2,3,3,3,2,2,2,2,2,3,3,3,3,2,3,5,5,3,2,3,2,2.81
"323",4,4,4,3,4,4,4,3,2,3,4,4,3,3,3,3,3,4,3,4,2,4,4,5,4,4,5,4,4,3.25
"325",3,4,3,1,3,3,3,3,1,3,3,2,3,3,1,2,3,2,3,1,1,3,2,4,3,1,2,2,2,3.68
"326",4,4,4,4,4,4,4,4,4,3,4,4,3,4,3,3,4,4,4,2,5,3,5,5,5,4,3,4,5,3.98
"327",4,4,4,4,4,4,4,4,3,4,4,4,4,4,4,4,4,4,4,4,5,4,5,5,3,5,4,5,5,3.29
"328",4,4,4,4,2,3,3,3,3,4,4,4,4,4,3,3,3,3,3,1,4,3,2,2,3,3,4,3,3,3.29
"329",4,2,4,4,3,3,2,3,2,4,3,3,2,3,2,2,3,3,3,4,4,3,4,4,4,4,3,4,2,2.81
"330",3,4,4,3,4,4,3,3,4,2,3,2,3,3,2,2,2,2,2,4,3,3,2,3,2,3,2,2,3,3.03
"331",3,3,3,2,2,3,3,2,2,3,3,2,3,3,2,3,3,3,2,3,4,2,3,5,2,2,5,4,2,2.16
"332",3,2,4,2,3,3,3,3,2,3,3,3,3,3,3,3,3,4,4,3,4,4,4,4,3,4,4,4,4,3.2
"334",4,2,4,4,4,3,3,3,3,3,3,3,3,3,3,3,3,3,3,3,3,3,4,5,4,3,4,4,4,3.25
"335",3,4,4,3,4,4,3,3,2,3,3,3,3,2,2,2,4,3,3,2,4,5,2,4,2,3,4,4,4,3.17
"336",2,2,2,3,1,2,2,2,1,3,3,3,3,4,1,2,2,3,3,2,2,2,5,5,1,2,4,2,3,3.03
"337",3,3,3,3,3,3,2,3,3,2,2,3,2,3,3,3,3,3,2,4,4,2,4,4,4,2,4,2,4,3.25
"338",4,2,3,2,3,3,3,2,3,2,3,2,3,3,2,2,2,3,2,2,2,3,2,4,4,2,2,2,3,3.25
"339",3,4,3,3,4,3,2,3,2,3,3,3,3,3,3,3,3,4,3,5,4,2,3,5,4,2,4,5,4,2.94
"340",2,2,3,2,2,3,2,2,2,3,3,2,2,2,2,1,2,3,2,4,2,2,4,5,4,3,3,3,2,3.2
"341",4,3,4,3,3,4,4,4,2,3,4,3,3,4,4,4,4,4,4,5,3,3,5,5,5,5,2,5,5,3.25
"342",3,3,4,2,2,3,3,4,1,4,4,4,3,3,3,3,4,4,4,4,4,4,4,4,3,4,4,4,5,3.65
"343",3,4,3,3,3,3,3,3,3,3,3,2,2,2,2,2,2,4,4,4,4,3,3,4,4,3,3,2,4,2.42
"344",3,3,3,3,4,3,2,3,2,2,3,2,3,2,2,3,2,2,2,4,4,2,2,4,3,4,3,3,3,3.51
"345",2,2,2,2,1,3,2,3,2,3,3,3,3,2,3,3,3,3,3,3,4,3,3,4,3,4,4,4,4,2.6
"346",3,3,4,3,4,3,3,3,2,3,3,3,3,3,3,3,3,4,4,5,3,4,4,5,5,4,2,5,4,3.29
"347",3,3,4,3,3,3,3,3,2,4,4,4,4,3,3,3,3,3,4,4,4,2,3,4,3,2,5,2,3,2.62
"348",3,3,4,3,4,3,3,3,3,3,3,3,4,3,4,3,4,4,4,4,4,4,4,5,4,4,5,4,4,3.38
"350",3,4,3,3,3,3,3,3,3,3,4,3,3,4,4,3,3,3,3,4,3,3,3,4,4,3,4,3,3,3.46
"351",3,3,3,3,1,2,2,2,1,3,3,3,3,3,3,3,2,3,2,4,2,4,3,5,2,5,3,4,4,2.86
"353",3,3,3,4,3,3,3,3,3,3,3,3,3,3,3,3,3,3,3,3,4,2,4,4,4,1,4,2,5,3.2
"354",4,2,3,3,2,3,3,2,2,1,2,2,3,2,1,2,2,2,3,2,2,1,3,3,3,2,2,3,2,3.42
"355",2,3,3,2,1,2,2,2,2,4,3,3,3,3,3,2,4,3,3,4,3,3,4,4,3,3,2,3,3,2.38
"356",3,3,3,3,3,3,3,3,3,4,3,3,3,3,3,3,3,3,3,4,3,3,4,4,4,3,3,3,4,3.16
"357",3,3,3,3,3,3,3,3,3,3,3,2,3,3,3,3,3,2,2,3,3,3,3,3,3,3,3,3,3,3.33
"358",3,2,3,2,3,3,3,2,2,3,3,3,4,3,3,3,4,4,3,5,4,1,5,4,3,2,4,2,4,3.25
"359",3,3,3,3,3,3,3,3,3,3,3,3,2,3,3,3,3,3,3,4,3,3,4,4,4,2,3,3,3,3.42
"360",3,4,3,4,4,3,3,3,3,3,3,2,3,3,3,3,2,3,3,3,4,3,4,4,3,4,4,3,4,3.46
"361",2,3,3,3,2,3,3,3,2,3,3,3,3,2,3,3,2,2,3,4,5,2,4,4,4,4,4,2,4,2.9
"362",3,3,3,3,3,3,3,3,2,3,3,3,3,3,3,3,3,3,3,4,3,3,4,4,4,3,3,4,4,3.9
"363",3,3,3,3,3,3,4,3,3,3,4,3,4,3,3,3,3,4,3,2,4,4,3,5,2,5,4,4,4,4.11
"364",4,4,4,3,3,3,3,4,3,3,3,3,3,3,3,3,3,3,3,3,2,3,3,5,4,2,2,2,3,3.25
"366",4,4,4,3,3,3,3,3,2,3,4,4,3,4,4,3,3,4,4,3,3,4,4,5,4,4,3,5,5,3.46
"367",4,3,4,3,2,3,3,3,2,3,3,3,3,3,3,3,3,3,2,2,3,2,3,4,2,3,2,3,3,2.6
"368",3,2,3,3,2,4,3,3,2,2,2,2,2,2,2,2,2,3,2,3,3,3,2,4,3,3,3,3,3,3.33
"369",3,4,4,4,3,3,3,3,3,3,4,3,3,3,3,3,3,4,4,2,3,1,4,4,2,4,3,4,4,3.42
"371",4,4,4,3,4,4,4,3,2,3,4,4,3,4,3,3,3,4,3,3,2,3,4,5,4,4,4,4,4,3.68
"372",3,3,3,4,3,3,3,3,2,3,4,3,3,3,3,3,3,4,4,4,4,4,5,5,5,3,5,4,5,3.64
"373",4,4,4,3,4,4,3,4,2,3,3,3,3,3,3,3,2,3,3,3,2,3,2,4,4,3,3,3,3,3.59
"374",4,4,3,4,3,4,1,3,1,3,3,2,3,2,2,2,2,3,3,2,2,3,4,4,4,3,2,3,3,3.55
"375",4,4,4,4,4,4,4,4,4,3,3,4,2,3,3,3,3,3,3,4,3,2,2,2,5,2,3,3,2,3.81
"376",4,4,4,4,4,4,2,4,2,4,4,3,3,3,3,2,2,4,3,5,4,3,4,4,5,3,4,3,4,3.12
"378",3,3,4,4,4,4,4,4,4,3,4,3,3,4,4,3,3,4,3,3,2,4,2,3,4,2,2,4,3,3.12
"379",3,3,3,3,3,3,3,3,3,3,3,3,3,3,3,3,3,3,3,3,4,3,5,4,3,3,4,3,5,3.46
"380",4,3,4,3,3,3,2,3,1,3,2,4,4,2,1,2,2,3,2,1,2,3,4,5,5,3,5,3,4,3.64
"381",3,4,3,4,2,2,3,3,2,3,3,3,2,4,3,3,4,4,3,2,4,4,4,5,5,4,4,5,5,3.03
"383",4,4,3,3,2,2,1,1,2,3,3,3,2,3,2,2,2,3,2,1,2,3,2,3,4,3,2,3,3,2.86
"384",3,3,3,3,2,3,1,3,2,2,1,2,2,2,2,2,2,3,3,2,4,2,2,4,5,3,2,2,2,3.51
"385",4,4,3,4,4,4,3,3,3,3,3,3,3,4,3,3,3,3,3,4,2,2,4,5,5,4,2,4,4,2.77
"386",4,3,3,3,1,3,2,1,2,2,2,2,2,2,2,2,2,2,3,4,4,4,3,4,4,2,4,4,4,2.9
"387",3,4,4,3,3,3,3,3,3,2,3,2,2,3,2,2,2,3,2,2,4,4,3,3,2,2,3,4,3,2.51
"388",4,3,4,4,3,3,4,4,3,3,3,3,4,4,3,3,3,3,3,3,4,4,4,5,3,4,4,4,4,3.2
"389",4,4,4,4,4,4,4,4,4,3,4,4,3,4,4,4,4,3,3,3,1,4,4,5,5,4,2,3,4,3.78
"390",4,3,4,4,3,4,4,4,4,3,3,2,3,3,2,3,3,4,2,2,2,4,2,5,5,3,3,3,3,3.72
"391",4,4,4,3,4,4,4,3,2,3,3,3,2,3,3,2,3,3,3,3,2,3,3,4,4,3,2,3,3,3.59
"392",3,3,3,3,3,3,3,3,3,3,3,3,3,3,3,3,3,3,3,3,3,3,3,3,3,3,3,3,3,3.42
"393",3,3,3,2,2,3,2,4,3,3,3,3,3,4,3,3,3,3,3,1,3,2,3,5,5,3,3,3,3,3.68
"394",3,2,3,3,3,4,3,2,2,4,4,4,3,4,3,4,4,3,4,5,4,5,5,4,4,2,2,5,5,3.03
"395",4,4,4,4,4,3,3,3,3,1,1,1,3,2,1,1,1,2,2,2,3,3,2,4,5,3,3,3,2,3.81
"396",4,4,4,3,3,3,4,3,3,3,3,3,3,3,3,3,3,4,3,3,4,2,4,3,4,3,4,3,3,3.16
"397",3,3,4,4,3,4,4,4,2,3,4,3,3,4,3,3,4,3,4,4,4,4,5,5,4,3,3,4,4,3.77
"398",4,3,4,3,4,4,3,4,2,3,4,3,3,4,3,3,3,3,4,3,3,3,5,5,4,3,4,3,3,3.46
"399",4,4,4,4,4,4,4,3,3,3,4,4,4,4,4,4,3,4,4,5,4,4,4,5,5,5,4,4,5,3.98
"400",3,4,3,2,3,2,2,3,2,1,3,1,2,2,1,1,1,2,1,1,1,3,2,4,4,3,3,2,1,3.46
"401",3,3,3,4,3,2,2,2,2,2,1,2,2,3,3,2,3,3,3,2,1,1,4,3,1,1,2,1,1,3.64
"403",3,3,3,4,3,3,3,3,3,3,4,3,3,3,3,3,3,4,4,5,5,4,5,5,3,4,5,4,5,2.94
"404",3,3,3,2,1,3,3,1,1,1,1,2,1,1,1,1,1,2,1,1,1,2,2,3,4,1,2,4,2,2.5
"405",4,4,4,3,4,3,4,4,4,3,3,3,3,3,3,3,4,3,4,2,3,3,4,3,4,4,3,4,4,3.98
"406",4,4,4,4,3,4,3,4,3,3,3,4,3,4,3,3,3,4,3,4,2,2,4,5,2,4,1,4,4,3.64
"408",3,4,3,3,3,3,3,3,2,3,3,3,3,2,3,3,3,3,3,2,3,5,4,5,5,3,2,2,3,3.46
"409",3,3,4,4,3,3,3,4,2,3,3,3,3,3,3,3,3,3,3,2,4,3,3,5,4,3,4,3,3,3.03
"410",4,4,4,3,3,3,3,3,3,3,3,3,3,3,3,3,2,3,3,4,3,4,3,5,4,3,4,3,4,3.62
"412",4,4,3,4,4,4,4,4,3,2,1,3,3,3,3,3,3,3,3,4,2,2,4,5,2,4,2,3,4,3.03
"413",3,3,4,3,2,3,3,2,2,4,4,3,4,4,3,3,3,3,3,2,2,3,2,4,5,4,1,3,4,3.07
"414",4,3,4,4,4,3,3,3,3,3,4,4,4,3,3,3,3,4,4,4,4,5,5,4,4,5,5,5,5,3.55
"415",4,2,4,3,2,3,3,3,3,3,3,3,3,3,3,3,3,4,3,3,4,4,3,5,4,4,4,3,3,3.29
"416",4,4,4,3,2,3,3,3,2,3,4,3,2,3,3,3,3,4,3,2,2,2,3,5,3,3,2,4,4,2.97
"417",4,4,4,4,4,4,3,3,3,3,4,3,3,3,3,3,3,3,3,4,2,4,4,5,5,5,2,4,4,3.46
"418",3,2,4,3,3,3,3,4,2,2,3,2,3,2,1,2,2,3,2,2,2,2,2,3,4,3,3,3,4,3.07
"419",4,3,4,3,3,4,3,3,3,3,4,3,3,3,3,3,3,3,3,5,4,3,4,5,4,3,2,3,4,3.03
"420",4,4,4,2,4,2,2,2,2,3,3,3,2,3,3,2,2,3,3,2,2,3,1,4,4,4,3,4,4,3.12
"421",4,3,4,3,3,3,3,4,3,3,3,3,3,3,3,3,3,3,3,3,1,3,4,5,3,3,1,4,3,3.46
"422",4,4,4,4,4,4,4,3,2,1,1,1,1,1,1,1,1,2,1,1,1,2,2,4,4,3,3,3,2,3.9
"424",3,3,3,2,3,4,3,3,2,2,2,2,2,2,1,2,2,3,2,1,1,2,2,4,3,2,1,2,1,3.57
"425",4,4,3,2,3,3,3,3,3,3,4,4,4,4,3,3,3,4,4,4,3,3,3,3,3,3,3,3,3,3.33
"426",3,4,4,4,4,4,4,4,4,3,3,3,3,3,3,3,3,4,3,3,4,2,4,4,3,3,4,4,4,3.29
"427",3,3,4,3,3,4,4,3,3,3,3,4,3,3,3,3,3,4,3,4,4,2,3,5,3,4,5,3,5,3.59
"428",4,4,4,4,4,4,4,4,3,2,3,3,3,3,2,3,3,3,3,3,2,1,3,4,2,1,1,2,2,4.02
"429",3,4,3,3,3,3,2,2,1,3,3,3,3,3,3,3,2,4,3,5,4,4,3,3,4,4,2,2,5,2.83
"430",3,3,4,3,2,3,3,3,2,1,2,1,2,1,2,1,1,1,1,2,2,2,1,4,3,2,2,2,2,2.81
"432",3,4,4,3,4,2,3,3,2,1,3,3,2,3,1,2,2,3,3,4,2,2,3,4,2,3,3,4,3,3.03
"433",4,4,4,3,4,3,3,4,3,1,3,3,3,2,1,2,2,2,2,1,3,2,3,5,5,2,2,2,2,4.07
"434",2,3,3,3,3,2,1,2,1,3,4,3,2,3,3,2,1,4,2,5,1,2,3,2,4,4,2,4,5,3.03
"435",3,2,4,3,3,4,3,3,1,3,4,3,3,3,3,3,3,4,3,3,4,2,4,4,5,4,4,2,4,3.68
"436",4,4,4,4,4,4,4,3,3,3,3,3,4,3,2,2,2,3,3,2,1,2,3,4,4,3,4,2,3,3.79
"437",4,4,4,3,3,4,3,3,2,3,1,3,4,4,2,3,4,3,3,3,4,3,4,3,4,4,4,3,4,3.2
"438",4,4,3,4,3,4,3,3,3,3,3,3,3,3,3,3,3,3,3,3,4,3,2,5,2,4,4,4,3,3.82
"439",4,3,3,3,3,4,3,3,4,3,3,3,3,3,3,3,2,3,3,3,3,2,4,3,4,3,3,2,4,3.81
"440",3,3,4,3,3,2,3,3,3,3,1,2,3,3,3,3,2,3,3,2,2,2,3,5,2,3,2,3,3,3.81
"442",4,2,4,2,4,3,3,3,3,3,4,3,3,3,3,3,3,4,3,3,2,2,2,4,3,4,2,2,3,3.64
"443",4,4,4,4,3,4,3,3,3,3,3,4,3,4,4,3,3,4,3,3,3,3,4,5,4,4,5,4,4,3.07
"444",4,4,4,4,4,4,3,3,3,3,3,3,3,3,3,3,3,4,3,3,4,3,4,3,4,3,5,2,4,3.46
"445",4,4,4,4,4,3,3,2,3,3,4,2,3,2,2,2,3,2,3,4,5,4,2,3,5,2,4,3,3,3.81
"446",3,3,4,4,2,3,3,4,3,3,3,3,3,3,2,3,3,3,3,3,2,3,4,4,3,3,4,3,2,3.25
"447",4,4,4,4,4,4,4,3,3,3,3,3,3,3,3,3,3,4,3,3,5,5,4,4,4,3,4,4,5,4.07
"448",3,4,3,3,3,4,3,3,2,1,1,2,1,1,2,1,2,3,2,4,4,2,2,2,4,2,3,2,3,3.12
"449",3,4,4,4,1,2,2,1,1,3,2,4,3,4,1,3,1,1,2,4,1,4,3,4,5,4,2,3,4,3.77
"450",3,3,3,1,2,2,2,3,1,1,1,2,2,2,1,2,1,1,1,3,2,3,2,3,4,2,1,2,2,3.64
"451",4,3,3,2,3,3,3,2,2,4,3,4,3,3,2,2,3,3,3,4,5,2,5,4,5,4,4,4,4,4.07
"452",3,2,3,3,2,4,2,3,2,3,3,3,3,3,3,3,2,3,3,4,2,2,4,4,5,2,2,2,2,3.52
"453",2,3,3,3,2,3,3,3,2,3,3,3,3,3,3,3,3,3,3,3,4,4,4,4,3,4,4,4,4,3.38
"455",4,3,4,4,4,4,4,4,4,4,4,4,4,4,4,4,4,4,4,5,2,3,4,4,5,4,4,4,4,3.55
"456",4,4,4,4,4,4,3,4,3,3,3,3,3,3,3,3,3,4,3,3,2,2,4,4,5,2,4,2,3,3.77
"457",4,3,4,3,3,4,2,3,2,2,3,2,2,3,2,2,3,3,3,2,3,1,2,5,4,3,3,3,2,3.29
"458",4,4,3,4,3,3,3,3,3,3,3,3,3,3,4,3,3,4,4,2,4,3,3,4,5,2,5,2,2,3.68
"459",4,4,4,3,2,4,2,3,2,3,1,2,2,2,2,2,2,2,1,1,2,2,2,4,3,2,3,2,2,3.98
"460",3,3,3,2,2,3,3,2,2,3,3,3,3,3,3,3,3,3,3,3,4,4,4,4,3,4,4,3,4,2.9
"461",3,4,3,3,3,3,2,2,2,2,3,2,2,2,2,2,2,3,2,2,4,4,4,5,4,4,2,4,4,3.42
"462",4,4,4,3,4,4,4,4,4,3,3,3,3,4,4,4,3,4,4,2,4,4,4,5,4,5,4,5,4,3.52
"463",3,3,3,3,3,3,3,3,2,3,3,3,3,3,3,3,3,3,3,4,5,4,4,4,2,4,2,4,4,3.51
"464",4,4,4,3,3,3,3,3,3,3,3,3,4,3,3,3,3,3,4,3,2,2,4,4,3,4,2,2,5,3.77
"465",3,3,4,2,3,4,4,3,2,2,2,2,3,2,2,2,2,2,2,3,3,2,3,5,4,2,3,2,3,3.38
"466",4,4,4,4,3,4,3,3,2,3,4,3,3,3,3,3,3,3,3,5,3,2,3,5,5,2,3,4,4,3.07
"468",4,3,4,3,3,4,3,3,2,3,3,3,3,3,3,3,3,3,2,3,2,3,3,5,4,4,2,4,3,3.55
"470",3,2,3,3,1,3,3,3,2,3,3,3,3,3,3,3,2,3,2,2,1,3,2,5,3,3,2,3,2,3.25
"471",2,2,3,3,3,3,3,2,2,3,3,3,3,3,3,3,3,3,3,4,4,2,4,4,3,3,4,4,4,3.11
"472",4,4,4,4,4,4,4,4,3,3,3,3,3,3,2,2,3,3,3,4,3,3,3,4,5,3,3,4,3,3.25
"473",3,3,4,3,3,3,3,2,2,2,3,3,2,2,2,3,2,3,3,5,5,3,3,4,5,4,4,4,3,3.68
"474",4,4,4,3,4,4,4,3,4,3,3,3,3,3,3,3,3,4,3,3,4,4,4,5,5,4,4,4,4,4.24
"475",4,3,4,3,4,4,3,4,3,3,4,3,4,4,4,3,3,4,4,3,2,4,4,5,4,3,3,4,4,3.46
"476",4,3,4,3,2,3,2,3,2,2,3,2,2,2,2,2,2,4,3,3,4,2,2,3,4,3,3,1,5,3.46
"477",4,4,4,3,4,4,4,4,2,3,3,4,3,4,3,3,4,3,4,5,4,4,4,5,5,3,4,2,4,4.11
"478",3,3,4,4,2,3,3,2,2,3,3,2,3,2,3,3,3,3,3,4,5,3,4,4,4,4,5,4,3,3.09
"479",4,2,3,2,1,2,2,2,2,3,4,3,4,3,3,3,3,3,3,2,4,4,4,4,4,4,5,4,4,4.07
"480",4,3,4,3,3,3,3,3,2,4,4,4,3,4,4,4,4,4,4,2,3,5,4,5,4,5,3,5,5,3.74
"481",4,4,4,4,4,4,4,4,3,3,4,4,3,4,3,3,3,4,2,4,3,4,3,4,4,4,4,4,4,3.68
"482",4,4,4,3,3,4,3,2,2,3,3,3,4,3,3,3,3,3,3,2,1,4,3,4,5,4,4,4,4,0.17
"483",3,3,4,3,3,3,3,4,3,3,3,3,3,3,3,3,3,3,3,3,2,2,3,3,5,3,3,4,4,2.99
"484",4,4,4,4,4,4,4,4,4,3,3,3,3,3,2,3,3,3,3,4,2,3,2,2,5,4,3,2,4,4.16
"485",3,1,2,2,2,3,3,2,2,3,3,3,3,3,3,3,2,3,3,4,2,2,3,4,3,4,2,4,4,3.2
"486",4,4,4,4,4,4,4,3,4,3,3,3,3,3,2,3,3,2,3,3,1,2,3,4,3,3,2,4,3,2.94
"487",4,4,4,4,4,4,4,4,3,3,3,3,3,3,3,3,3,3,3,4,3,3,4,4,5,4,4,4,4,3.42
"488",4,3,4,4,3,3,3,3,3,3,4,4,3,3,3,3,3,4,4,4,4,3,4,5,4,4,3,4,4,3.42
"489",3,3,4,3,3,3,3,3,3,3,3,4,3,4,3,4,3,3,3,3,2,3,5,5,4,3,2,3,3,3.35
"490",4,4,4,4,4,4,4,4,3,4,4,4,4,4,3,3,4,4,4,2,4,4,4,5,5,2,4,3,4,3.25
"491",3,4,4,4,4,4,3,4,3,3,3,3,3,4,3,3,3,3,4,4,4,4,3,4,5,4,4,5,4,3.46
"492",4,3,4,2,2,3,3,3,2,3,3,3,3,4,3,4,4,4,3,4,5,4,5,5,4,3,3,5,4,3.29
"493",4,4,4,4,4,4,4,4,3,3,4,4,4,4,4,4,4,4,4,4,4,4,4,4,4,5,2,4,5,4.07
"494",4,4,3,3,3,3,3,3,3,3,3,2,3,3,2,2,2,3,2,1,4,4,2,4,4,4,4,3,4,3.46
"496",4,4,4,3,4,4,4,4,4,3,4,4,3,4,4,4,4,4,4,5,4,5,5,5,5,5,5,5,5,3.94
"497",2,3,4,4,2,3,4,2,2,4,3,3,2,3,3,3,3,4,3,4,3,2,3,3,4,4,3,4,5,2.81
"498",3,4,3,2,2,3,3,3,1,3,3,3,3,3,3,3,3,3,3,2,3,4,2,5,3,4,1,3,3,2.81
"500",3,3,3,2,3,3,3,3,1,3,4,3,3,4,4,4,4,4,4,4,3,2,3,5,5,3,2,3,5,2.99
"501",3,3,3,2,2,3,1,2,2,3,3,3,3,3,3,2,3,2,3,4,5,4,4,5,4,4,5,4,4,1.52
"502",4,3,4,4,3,3,2,3,2,3,3,3,3,3,2,3,3,3,3,2,2,3,3,4,4,2,3,3,3,3.08
"503",3,4,3,3,2,1,3,4,2,3,3,3,1,3,2,2,2,3,3,2,1,5,4,4,4,1,4,1,2,3.03
"504",3,4,4,2,2,3,3,2,3,2,3,2,3,3,2,2,2,4,3,4,3,3,2,5,3,3,4,4,4,2.38
"506",4,3,4,4,4,4,4,3,3,3,3,3,3,3,3,3,3,3,3,2,1,3,2,4,4,4,2,3,3,3.12
"508",4,4,4,4,3,4,3,4,4,2,1,2,3,2,2,2,1,2,2,2,4,4,3,4,4,1,4,1,2,3.72
"509",3,2,4,4,3,4,4,3,3,3,4,3,3,3,3,3,3,4,3,4,3,5,5,5,5,4,2,3,4,3.77
"510",4,4,4,4,3,3,4,3,3,3,3,3,4,3,3,3,3,4,4,4,3,4,4,5,4,4,2,4,4,3.46
"511",4,4,4,4,4,4,4,3,4,4,4,4,4,4,4,4,4,4,4,4,5,5,5,5,4,5,4,5,5,3.59
"513",4,4,4,4,4,4,4,3,1,2,1,3,2,4,3,3,4,3,3,3,3,3,4,4,3,2,2,4,5,3.98
"514",3,2,3,2,3,3,3,3,2,3,3,2,3,3,3,2,2,3,3,3,4,3,4,5,4,2,3,2,3,3.59
"515",3,4,4,2,2,3,2,3,3,2,1,1,2,2,1,1,3,2,1,1,2,2,2,3,2,1,1,2,1,3.46
"516",4,2,4,3,3,4,4,4,3,4,4,4,3,4,4,4,3,4,4,4,4,3,5,5,4,3,4,1,5,3.25
"518",3,3,4,3,2,4,3,4,3,3,3,2,3,3,2,2,2,3,3,2,2,2,2,5,4,4,2,3,4,3.46
"519",4,4,3,4,3,4,3,4,3,3,4,4,3,4,4,3,3,4,4,5,5,2,5,5,5,5,3,5,4,3.38
"520",3,2,4,3,3,2,3,3,3,3,3,3,2,3,2,3,3,2,3,3,3,3,3,3,3,3,3,3,3,3.59
"521",4,4,4,4,4,4,4,4,2,2,3,3,2,3,2,3,3,3,3,1,3,3,2,5,5,3,2,3,3,3.64
"522",4,4,3,4,3,4,3,3,2,4,4,4,4,4,4,4,4,4,4,5,4,3,5,5,4,3,4,1,5,3.12
"523",4,3,4,4,3,4,3,3,3,3,3,3,3,4,3,3,3,3,3,3,4,3,4,5,5,3,5,4,4,3.57
"524",3,3,4,3,3,3,3,3,2,3,3,3,3,3,3,3,2,3,3,3,3,3,4,4,4,3,3,3,3,3.25
"525",3,4,3,4,4,4,2,3,3,3,4,3,3,3,3,3,3,4,4,3,1,4,4,4,5,4,2,4,3,3.55
"527",4,4,4,4,4,4,4,4,3,4,4,4,4,4,4,4,4,4,4,4,4,4,4,4,4,5,2,5,4,3.03
"529",4,4,4,4,3,3,3,3,4,3,3,4,3,3,3,3,2,4,3,2,3,5,2,5,5,4,4,4,4,3.33
"531",4,4,4,4,3,3,4,3,3,3,3,3,3,4,3,3,3,4,4,5,4,3,5,4,4,4,1,5,5,2.86
"532",4,3,4,3,4,4,3,3,2,3,3,3,3,3,2,3,3,3,3,4,2,3,3,3,5,2,4,2,4,3.16
"533",4,3,4,3,3,3,4,3,2,3,3,3,3,3,3,3,4,4,4,4,3,3,5,5,5,5,2,5,5,3.18
"534",3,2,3,3,3,4,3,2,2,2,1,2,2,2,1,2,2,3,2,3,2,1,1,4,4,2,3,3,2,3.25
"535",4,3,4,2,3,2,3,1,2,3,3,2,2,2,3,2,2,3,3,3,1,2,2,3,5,2,1,2,3,3.2
"536",4,4,4,4,3,3,3,3,3,3,4,3,4,4,3,3,3,3,3,2,3,4,3,5,3,4,2,4,4,3.78
"537",3,4,4,3,2,3,3,3,2,3,3,3,3,3,4,4,4,4,4,5,4,3,4,5,4,4,4,4,5,2.91
"538",4,4,4,4,4,4,4,3,4,3,4,4,4,4,4,3,3,4,4,4,3,3,3,4,4,3,4,3,3,3.29
"539",4,4,4,4,3,4,3,4,2,3,4,3,3,3,2,3,2,2,3,2,3,3,2,4,5,2,3,2,3,3.03
"542",4,4,4,4,4,4,3,3,3,4,4,4,4,4,1,3,3,3,3,3,2,2,3,4,5,3,2,3,4,4.24
"543",2,2,3,3,2,1,3,2,2,3,2,2,3,3,1,1,1,4,3,2,3,3,1,3,5,3,2,4,3,3.03
"544",2,2,3,3,2,2,3,3,1,3,3,3,3,3,3,3,2,3,3,2,2,3,2,4,4,4,2,3,3,3.12
"545",3,4,4,2,2,3,3,2,1,2,3,2,3,3,3,2,3,3,3,2,5,4,5,5,5,2,4,5,5,3.29
"546",4,4,4,4,4,4,4,4,3,3,3,3,3,3,3,2,2,4,3,3,3,3,3,3,3,3,3,3,3,3.25
"550",3,2,3,3,2,3,3,2,2,3,3,3,2,3,2,3,3,3,3,3,4,2,4,4,4,2,4,2,2,3.68
"551",4,2,3,3,3,3,4,4,2,3,3,3,4,3,3,3,2,3,3,2,4,2,4,4,4,2,2,4,4,3.25
"552",4,3,4,2,3,3,4,3,3,3,3,3,3,3,1,2,3,2,2,2,2,2,2,4,3,2,4,2,2,3.17
"553",3,3,3,3,2,2,3,2,2,3,3,3,3,3,2,2,2,3,3,3,2,3,2,4,4,3,2,4,4,3.38
"554",2,2,3,3,3,2,2,3,2,3,3,3,3,3,3,3,3,3,3,2,2,3,2,4,3,4,2,4,4,3.16
"555",1,3,1,4,3,1,3,4,1,1,2,3,3,2,4,3,4,4,4,4,3,3,4,4,3,2,3,3,4,3.2
"556",3,2,3,2,3,3,2,2,2,3,2,3,3,3,3,3,2,3,3,2,1,3,4,4,1,2,2,3,4,3.43
"557",3,4,4,3,4,3,3,3,3,3,3,2,3,3,2,3,2,4,3,3,3,3,3,5,5,4,2,3,3,4.24
"558",4,2,4,3,3,3,2,3,3,3,3,3,3,3,2,3,3,4,3,4,4,3,4,5,5,4,2,4,3,3.2
"559",3,4,4,3,3,4,3,3,3,3,3,3,3,3,3,3,3,4,3,3,2,3,4,5,5,4,2,5,4,3.25
"560",3,2,3,3,2,3,3,4,2,4,4,4,4,4,4,4,4,4,4,5,4,3,5,5,5,5,3,5,5,4.07
"561",4,2,3,4,2,3,3,3,2,2,2,3,3,3,2,3,3,4,4,4,4,3,3,4,5,2,3,4,4,2.81
"562",4,4,4,2,4,4,3,3,3,4,4,2,4,3,2,2,3,3,4,5,3,3,2,2,4,2,4,3,4,3.98
"563",3,3,3,3,3,3,4,3,2,3,3,3,3,3,3,3,3,3,3,3,3,4,3,5,2,4,4,4,3,3.03
"564",4,3,4,4,4,3,4,3,3,3,2,3,4,3,3,3,3,3,3,4,4,3,5,4,5,3,3,2,5,3.03
"566",4,3,4,3,3,4,3,3,3,4,4,3,4,3,3,3,4,4,4,2,4,3,5,4,4,5,5,3,4,3.51
"567",4,3,4,4,4,4,4,4,3,3,4,3,3,4,3,3,3,4,4,4,4,2,3,5,5,3,3,4,4,3.03
"568",3,2,3,3,3,3,3,3,2,3,3,3,3,3,3,2,2,4,3,3,4,3,5,5,5,2,3,4,4,3
"569",3,4,4,4,3,3,3,3,2,3,3,3,3,3,3,3,2,3,3,2,2,1,4,4,4,3,1,1,2,3.46
"570",2,2,3,2,2,2,2,2,2,2,3,3,2,3,2,2,3,3,3,3,2,4,3,5,5,4,3,2,4,3.29
"571",3,3,2,4,3,4,3,3,3,3,3,3,3,3,3,3,3,3,3,4,4,2,4,5,5,4,4,5,4,3.29
"572",3,3,3,2,3,3,2,3,3,2,1,2,3,2,3,3,2,3,3,5,4,3,1,4,4,4,5,4,3,3.46
"573",3,2,4,3,1,4,3,1,2,2,3,2,3,2,2,3,2,3,3,1,2,2,2,5,4,2,4,2,3,3.72
"574",4,3,3,4,3,4,4,3,3,3,4,4,3,4,3,3,3,4,4,4,3,4,4,5,5,4,5,3,4,3.03
"575",2,3,3,2,1,2,2,2,1,2,2,2,3,3,1,2,2,2,2,1,1,3,2,4,2,2,3,4,4,3.69
"576",4,3,4,2,3,4,4,3,2,4,1,4,4,4,3,2,3,3,3,3,4,4,3,5,3,4,3,3,4,3.39
"577",3,3,4,3,3,3,3,4,2,2,3,2,2,2,2,2,2,2,2,1,1,1,1,4,4,1,2,2,2,3.81
"578",4,4,4,4,4,4,4,3,4,3,4,4,3,3,3,3,3,4,3,4,3,4,4,5,5,4,3,5,4,3.51
"579",3,3,4,3,3,3,3,3,2,3,3,3,3,3,3,3,3,3,3,2,4,4,3,5,4,3,4,3,4,3.2
"580",4,4,4,4,4,4,4,4,3,3,4,4,3,4,4,4,4,4,4,4,4,3,4,5,4,3,4,5,5,3.25
"582",3,3,1,4,4,3,2,3,2,3,3,3,1,3,3,3,3,4,3,4,3,3,3,4,4,3,3,4,4,3.55
"583",3,4,3,3,2,1,2,1,2,1,2,1,1,2,1,1,1,2,1,2,1,3,1,4,4,1,1,5,2,2.73
"584",3,3,3,4,3,3,3,2,2,3,3,3,3,3,3,3,3,3,3,4,2,3,4,5,4,3,2,3,4,3.03
"585",3,3,4,4,3,3,3,2,2,3,3,3,3,3,3,3,3,3,2,4,3,2,4,5,5,3,4,3,3,3.25
"587",3,3,3,2,2,3,2,2,1,2,2,3,2,3,2,3,2,3,3,3,2,3,2,5,3,3,2,3,3,4.18
"588",4,3,4,3,3,3,4,3,3,3,3,3,3,3,3,4,4,4,4,4,3,5,4,4,4,5,2,3,4,3.12
"589",3,2,3,4,4,3,3,4,3,3,3,3,3,3,3,3,3,3,3,4,4,3,4,4,3,4,5,2,4,3.59
"590",3,2,4,2,2,4,4,3,2,3,3,3,3,3,3,3,3,3,3,2,4,3,4,4,3,3,3,2,3,3.9
"591",4,3,4,3,3,3,4,3,2,3,3,3,4,3,3,2,3,3,3,3,4,4,3,5,4,4,4,4,3,3.03
"592",4,4,3,3,3,3,3,3,4,3,4,3,3,3,2,3,3,4,4,3,4,4,3,5,4,4,4,3,4,3.25
"593",2,4,3,4,3,2,2,2,1,3,3,3,3,3,3,3,3,4,3,2,2,3,5,5,2,4,2,4,4,3.38
"594",4,4,4,4,4,4,3,4,3,3,4,3,3,3,3,3,3,4,3,4,4,3,3,4,4,3,4,3,3,3.38
"596",4,4,4,3,1,3,3,3,2,2,1,3,3,3,3,3,2,3,3,1,3,1,3,5,5,3,2,3,3,3.33
"597",4,4,4,4,4,3,3,3,3,3,4,3,3,4,4,3,4,4,3,4,4,4,4,4,4,4,4,4,4,3.9
"599",4,4,4,4,4,4,3,3,3,4,4,4,4,4,4,3,4,4,4,5,3,3,5,5,5,5,3,2,5,4.2
"600",4,4,3,2,3,3,2,3,1,3,3,3,3,3,3,3,2,4,2,5,3,2,4,4,5,4,2,4,4,2.6
"601",4,4,4,4,4,3,3,3,2,3,4,4,4,3,3,4,4,4,4,4,4,4,4,4,4,4,3,5,5,3.33
"602",4,2,4,3,4,3,4,3,3,3,3,4,3,4,3,3,2,3,3,2,3,3,3,4,5,4,2,3,4,4.07
"603",3,3,3,3,4,4,4,4,4,4,3,3,4,3,3,4,3,3,2,5,3,2,5,5,5,1,5,1,5,3.68
"604",4,3,4,3,3,3,4,3,2,3,3,3,3,3,3,3,2,3,3,3,2,4,2,4,2,4,2,3,4,3.21
"605",4,4,4,3,3,4,3,4,3,3,3,3,3,3,3,3,4,3,4,4,3,3,3,5,5,4,3,3,3,3.25
"606",4,3,4,2,2,3,3,3,2,2,3,2,3,2,2,2,2,2,2,3,3,2,1,5,4,2,2,2,2,3.9
"607",4,2,3,4,3,4,3,3,3,3,3,2,3,3,2,3,3,3,3,2,4,2,2,5,4,2,5,3,2,3.59
"608",4,4,4,4,4,4,4,4,4,3,4,3,4,3,3,3,3,3,3,3,2,3,4,4,4,2,3,2,3,3.64
"609",4,2,4,4,3,4,4,4,3,3,3,3,3,3,1,1,3,2,2,5,4,2,1,4,5,4,4,2,4,3.16
"610",3,3,3,2,1,3,1,3,1,3,4,3,3,3,3,3,3,3,3,2,2,3,2,4,3,2,3,2,2,3.33
"611",4,3,4,4,4,3,3,3,3,3,4,3,3,3,3,3,3,4,3,3,3,3,3,4,4,3,4,2,4,3.68
"612",3,3,3,3,3,3,4,3,3,3,3,3,3,4,4,4,3,4,4,4,4,4,4,4,3,4,4,5,4,3.01
"613",2,4,3,3,2,3,2,2,2,3,3,2,3,3,3,2,3,4,3,4,3,3,3,3,3,3,3,3,3,2.08
"614",3,4,3,3,2,4,2,3,2,3,3,3,3,3,3,3,3,4,3,3,3,3,3,5,5,3,3,3,3,3.25
"615",4,4,2,3,3,4,4,3,2,2,4,4,4,4,4,4,4,4,4,5,2,3,4,4,5,5,1,3,4,3.77
"616",3,3,4,3,3,3,3,3,2,3,3,2,3,3,2,3,3,3,3,3,2,3,4,4,4,3,4,3,3,2.6
"617",3,3,3,3,3,3,4,3,3,3,3,2,3,2,3,3,3,3,3,4,3,2,2,4,5,3,4,4,5,2.42
"619",2,2,3,2,2,3,3,3,2,3,3,3,3,3,3,3,3,3,3,3,2,3,3,3,4,3,3,3,3,3.46
"620",4,3,4,3,4,4,4,3,3,3,3,3,4,3,2,2,3,4,2,2,4,2,4,4,4,2,4,2,3,4.16
"621",4,4,4,4,3,4,2,1,2,2,3,3,3,3,2,3,3,3,3,2,2,4,3,5,2,4,2,4,3,3.76
"622",3,3,3,3,2,4,3,2,2,3,3,3,3,3,3,3,3,4,3,4,4,3,5,5,2,4,4,5,4,3.81
"624",4,4,4,4,4,4,4,4,3,3,3,3,3,3,3,3,3,3,3,4,3,4,4,5,4,4,2,4,5,3.52
"625",3,2,4,3,3,1,3,2,2,1,1,1,2,2,1,1,1,2,1,4,3,3,4,5,5,4,1,4,3,3.71
"627",3,3,3,2,2,3,3,2,2,3,3,3,3,3,3,3,3,3,3,2,3,3,3,3,3,3,2,3,2,3.46
"628",4,4,4,4,4,4,4,4,4,3,3,3,3,3,3,3,3,4,4,3,2,4,3,4,5,4,4,4,4,3.46
"629",3,2,3,3,3,4,3,3,3,3,3,3,3,3,3,3,4,4,3,4,4,3,5,5,5,4,3,4,4,3.38
"630",4,4,4,3,4,4,4,4,3,3,3,4,3,4,3,3,3,4,3,2,2,3,3,5,5,3,4,4,4,3.16
"631",2,2,4,2,3,2,3,4,2,4,4,3,3,4,4,4,3,3,3,3,3,4,4,4,4,4,4,4,4,3.13
"632",4,4,4,3,4,4,2,4,2,3,3,3,3,3,3,3,2,4,3,2,1,2,4,4,2,4,2,3,4,4.08
"633",3,4,4,4,3,4,3,3,2,1,3,2,2,1,1,2,2,3,2,2,2,1,1,4,4,2,2,1,3,3.46
"634",2,2,4,2,2,4,3,2,2,3,3,3,3,3,3,3,3,4,3,3,4,2,3,5,3,3,3,4,3,2.9
"636",4,4,4,4,4,4,4,3,3,3,4,3,3,4,3,4,4,4,4,5,5,3,5,5,2,5,5,5,5,2.6
"637",4,2,4,3,2,3,4,2,2,2,3,3,2,3,2,3,3,3,2,4,4,2,4,5,3,2,4,4,4,3.9
"638",3,4,4,2,3,3,2,3,3,3,3,2,3,3,2,2,3,3,3,2,4,4,2,4,4,4,2,4,4,3.68
"639",3,3,4,3,3,3,2,3,2,3,3,3,2,2,2,2,2,3,2,3,2,4,2,5,2,4,4,3,3,4.03
"640",3,2,3,2,3,4,3,4,3,3,4,3,3,4,4,4,3,4,4,5,4,5,5,5,5,5,4,5,5,3.81
"641",4,4,4,4,2,4,3,4,3,3,4,4,3,4,3,3,3,4,3,2,4,4,4,5,2,4,5,4,4,3.81
"642",3,3,3,3,3,3,3,3,2,3,3,4,4,4,3,3,3,4,4,3,3,4,4,5,4,4,4,4,4,3.81
"643",3,3,3,3,3,3,3,3,2,3,3,3,3,3,2,3,3,3,3,3,4,2,3,4,4,4,4,3,4,2.6
"644",3,3,4,4,4,3,4,3,3,3,4,4,3,4,3,3,4,4,4,3,2,4,3,5,5,3,3,5,4,3.25
"646",3,4,4,3,3,3,3,3,2,2,3,2,2,2,2,2,2,3,2,2,2,2,2,4,4,4,2,2,2,3.38
"647",2,2,2,3,4,4,2,2,3,3,3,3,3,2,2,3,2,4,3,4,4,3,4,4,5,4,4,4,5,3.42
"648",3,2,4,4,2,4,4,3,3,3,4,3,3,3,3,2,4,4,3,4,5,3,3,3,2,3,4,3,5,3.2
"649",3,2,4,2,3,4,3,3,2,2,2,2,2,2,2,2,2,3,1,3,1,5,2,4,4,3,2,4,1,3.42
"650",4,4,4,3,3,3,4,3,3,3,3,3,3,3,3,3,3,4,3,2,2,2,1,2,4,3,1,4,3,3.35
"651",4,4,4,3,4,3,2,3,2,2,2,2,2,2,2,2,2,2,2,3,2,2,3,3,4,3,2,3,4,3.68
"652",4,4,4,4,4,4,3,3,3,3,4,3,3,3,3,3,3,4,3,4,4,4,4,4,2,5,4,5,5,3.17
"653",3,4,4,3,3,3,3,3,2,2,3,3,3,3,3,3,3,3,3,2,3,2,4,5,4,3,3,2,3,3.06
"654",3,4,4,3,3,4,3,3,2,3,3,3,2,3,2,3,3,3,3,2,2,2,4,4,5,2,2,2,3,3.68
"656",3,1,3,2,2,3,4,3,1,3,3,3,3,3,3,3,3,4,3,4,4,4,5,5,4,5,1,5,5,3.03
"658",3,4,4,3,3,4,3,3,3,3,3,3,2,4,3,3,3,3,2,3,3,3,4,3,4,2,3,3,3,3.81
"659",4,4,4,4,4,4,3,2,2,3,3,3,3,3,2,2,3,3,3,2,2,3,2,4,4,2,2,2,2,3.46
"661",3,4,3,4,4,2,3,3,2,3,3,3,3,4,1,2,2,3,3,1,3,3,2,3,5,3,2,2,3,3.42
"662",3,2,3,2,2,3,2,2,2,3,3,2,3,3,2,2,3,3,2,4,3,2,3,3,4,2,4,2,2,3.25
"664",3,3,4,3,3,3,3,3,3,3,3,3,3,3,3,3,3,3,3,3,4,4,4,4,3,4,4,4,3,3.38
"665",3,3,3,4,3,3,2,3,2,2,3,2,2,2,2,2,3,2,3,3,4,2,2,4,4,2,2,3,4,3.24
"666",3,3,3,3,2,3,3,3,2,3,3,3,3,3,3,3,3,3,3,3,4,2,4,4,4,2,2,2,4,3.03
"667",4,4,4,4,3,4,3,2,2,2,3,2,4,2,1,3,3,3,2,3,4,2,2,3,4,1,2,2,3,3.68
"668",3,3,3,4,3,2,3,3,2,2,3,2,2,3,2,2,2,3,3,3,4,2,2,5,4,2,3,3,2,3.38
